batch,total_vectors,static_mse,adaptive_mse,static_recall,adaptive_recall,segmented_recall,adaptive_lat_ms,static_lat_ms,segmented_lat_ms,swaps,compactions,ingest_time_ms
1,11000,0.006883080583065748,0.006652411539107561,0.236,0.256,0.96,0.3795334411552176,0.2232133998768404,0.29387335933279246,1,0,22.899290997884236
2,12000,0.006834685802459717,0.006576363928616047,0.24799999999999997,0.24400000000000002,0.972,0.4110400006175041,0.24509992101229727,0.43084000004455447,2,0,11.588957990170456
3,13000,0.006937954109162092,0.006638902705162764,0.18799999999999997,0.21200000000000002,0.9719999999999999,0.3670651192078367,0.2516699588159099,0.5203967198031023,3,1,38.03725000761915
4,14000,0.007007439620792866,0.0066915336064994335,0.18799999999999997,0.204,0.9679999999999999,0.35345656040590256,0.25406003871466964,0.606906681205146,4,2,11.327125001116656
5,15000,0.006912865210324526,0.0065514217130839825,0.18000000000000005,0.192,0.8079999999999999,0.41018495976459235,0.2942035626620054,0.3584566409699619,5,3,12.361208006041124
6,16000,0.00705488957464695,0.0066397543996572495,0.2,0.2,0.92,0.45295660151168704,0.3461333195446059,0.5012748384615406,6,4,44.7977909934707
7,17000,0.006924829445779324,0.006495273672044277,0.15600000000000003,0.18000000000000005,0.9080000000000001,0.48576655972283334,0.31809003790840507,0.5006799992406741,7,5,15.923291008220986
8,18000,0.006730074528604746,0.006301527842879295,0.168,0.192,0.9159999999999999,0.4728749202331528,0.30404668184928596,0.6224234408000484,8,6,12.322249996941537
9,19000,0.006901116110384464,0.0064268289133906364,0.16,0.18,0.9119999999999999,0.5196899618022144,0.35360155859962106,0.8695599989732727,9,7,12.536666996311396
10,20000,0.006890997756272554,0.006389755290001631,0.18799999999999997,0.19199999999999995,0.7759999999999999,0.6214384012855589,0.34911152033600956,0.44767331739421934,10,8,14.137207996100187
11,21000,0.00703272083774209,0.006506713107228279,0.128,0.14800000000000002,0.884,0.6284183193929493,0.3745699574938044,0.5656234407797456,11,9,15.268000002834015
12,22000,0.006884072441607714,0.0063078925013542175,0.124,0.128,0.8719999999999999,0.5341716384282336,0.34787660057190806,0.708401559968479,12,10,14.479000004939735
13,23000,0.006853272207081318,0.006272259633988142,0.14400000000000002,0.15600000000000003,0.8959999999999999,0.452591679058969,0.34727172111161053,0.7648266793694347,13,11,13.242542001535185
14,24000,0.007018363103270531,0.006395192816853523,0.14,0.136,0.912,0.48154340067412704,0.368391721858643,0.8961583208292723,14,12,12.457749995519407
15,25000,0.0069426279515028,0.006292775273323059,0.172,0.19599999999999998,0.7960000000000003,0.6770782411331311,0.43047832150477916,0.6316817208426073,15,13,11.767167001380585
16,26000,0.006834624335169792,0.006199281197041273,0.16799999999999998,0.172,0.8719999999999999,0.5895699193933979,0.4701600025873631,0.6864649592898786,16,14,16.260249991319142
17,27000,0.006916689686477184,0.0062330132350325584,0.16399999999999998,0.172,0.8839999999999999,0.5316483223577961,0.3746484004659578,0.7590100012021139,17,15,13.710416009416804
18,28000,0.006931547541171312,0.006232423707842827,0.124,0.14,0.856,0.5946849618339911,0.45134004030842334,0.9589148795930669,18,16,13.885583000956103
19,29000,0.00706446310505271,0.006316539831459522,0.136,0.15600000000000003,0.92,0.5574133602203801,0.3969201195286587,1.0555031982949004,19,17,13.917582997237332
20,30000,0.006961924955248833,0.0062011671252548695,0.132,0.15600000000000003,0.816,0.6614282791269943,0.4859897989081219,0.7110767625272274,20,18,13.863333006156608
21,31000,0.006814384832978249,0.006030823104083538,0.14400000000000002,0.15600000000000003,0.9080000000000001,0.6197316397447139,0.4893983597867191,0.8873048814712092,21,19,14.097541992668994
22,32000,0.006872938014566898,0.006030782125890255,0.172,0.17600000000000005,0.9,0.5564415588742122,0.47179008019156754,0.9409199608489871,22,20,13.751207996392623
23,33000,0.007119093090295792,0.00621618889272213,0.14800000000000002,0.16399999999999998,0.8759999999999999,0.6673284817952663,0.5052817601244897,1.023128320230171,23,21,14.03970799583476
24,34000,0.006891963072121143,0.006001468747854233,0.14,0.16799999999999998,0.924,0.7617565989494324,0.6193150399485603,1.2858749594306573,24,22,11.982916999841109
25,35000,0.0069170198403298855,0.00602340092882514,0.16,0.18799999999999997,0.7680000000000001,0.9193783992668614,0.5857700790511444,0.8259100397117436,25,23,13.584374988568015
26,36000,0.007029280532151461,0.006043556146323681,0.15600000000000003,0.16399999999999998,0.88,0.7391834777081385,0.5642982810968533,0.9347949206130579,26,24,15.900124999461696
27,37000,0.006993272807449102,0.005956585053354502,0.132,0.15200000000000002,0.8640000000000001,0.7445581979118288,0.5977033218368888,1.0570232797181234,27,25,14.306582990684547
28,38000,0.007045065518468618,0.00599422724917531,0.132,0.172,0.86,0.8231100399279967,0.563268318073824,1.2163315596990287,28,26,13.413083986961283
29,39000,0.007030426058918238,0.00596134178340435,0.132,0.136,0.8680000000000001,0.8171199989737943,0.574651678907685,1.2820999609539285,29,27,14.163083003950305
30,40000,0.006852435879409313,0.005818475969135761,0.14800000000000002,0.172,0.76,0.9541699610417709,0.6223265209700912,1.0342132387449965,30,28,12.100291001843289
31,41000,0.007011785637587309,0.005953644402325153,0.136,0.156,0.804,0.7762483606347814,0.6967199599603191,1.0852883610641584,31,29,14.774458002648316
32,42000,0.006779498886317015,0.005818054545670748,0.124,0.14,0.8039999999999999,0.8582699211547151,0.6561498797964305,1.2552884395699948,32,30,14.127709000604227
33,43000,0.006797445006668568,0.005981612019240856,0.12800000000000003,0.124,0.8480000000000001,0.9596216812497005,0.6931867607636377,1.3260533194988966,33,31,14.376708000781946
34,44000,0.006803653668612242,0.005997908767312765,0.11200000000000002,0.14,0.9119999999999999,0.9065134421689436,0.7315382815431803,1.464598361053504,34,32,14.44199999968987
35,45000,0.006781940348446369,0.005909249186515808,0.10800000000000003,0.12800000000000003,0.748,1.000045079854317,0.764645081362687,1.1403151199920103,35,33,14.15508300124202
36,46000,0.00687603373080492,0.005858016200363636,0.136,0.15200000000000002,0.812,0.8457632415229455,0.7365616399329156,1.1994316009804606,36,34,13.76775000244379
37,47000,0.0070580304600298405,0.005862048361450434,0.15200000000000002,0.16,0.768,0.8300882379990071,0.7581833604490384,1.3006765575846657,37,35,14.711125011672266
38,48000,0.006992988288402557,0.005855938885360956,0.10800000000000003,0.12000000000000002,0.8479999999999999,0.8780667994869873,0.7363783597247675,1.4518265606602654,38,36,12.700416991719976
39,49000,0.0068366206251084805,0.005839805584400892,0.14800000000000002,0.18,0.8640000000000001,0.9112784406170249,0.7966632005991414,1.7204183200374246,39,37,11.805665999418125
40,50000,0.006892428733408451,0.005987854674458504,0.128,0.128,0.7879999999999999,1.2363999988883734,0.9088499611243606,1.2673301179893315,40,38,13.291292008943856
41,51000,0.0068627335131168365,0.005926472134888172,0.12000000000000002,0.14800000000000002,0.8560000000000001,0.940601680194959,0.7883982791099697,1.2868166819680482,41,39,15.91287499468308
42,52000,0.006938466802239418,0.005856900475919247,0.10800000000000003,0.14800000000000002,0.7760000000000001,1.085081638302654,0.8025333989644423,1.482773360912688,42,40,13.506167000741698
43,53000,0.006851241923868656,0.005697157233953476,0.11600000000000002,0.132,0.804,1.0292819212190807,0.836399999097921,1.5617800410836935,43,41,13.561042011133395
44,54000,0.006735857110470533,0.005616799462586641,0.132,0.14,0.796,1.0492416407214478,0.8131665614200756,1.78333003888838,44,42,13.53933299833443
45,55000,0.007025564089417458,0.005935063585639,0.11200000000000002,0.128,0.7360000000000001,1.2095683586085215,0.9126431168988347,1.3450548803666607,45,43,13.500749992090277
46,56000,0.006952290423214436,0.005949632730334997,0.124,0.12000000000000002,0.82,1.038449879270047,0.8760050806449726,1.4365249610273167,46,44,15.756875000079162
47,57000,0.006759881041944027,0.005747321527451277,0.14400000000000002,0.136,0.8399999999999999,1.0918667208170518,0.923653319478035,1.6222217201720923,47,45,13.837207996402867
48,58000,0.006711743306368589,0.005689328070729971,0.11600000000000002,0.14400000000000002,0.828,1.176459999405779,0.8986883191391826,1.7912050406448543,48,46,14.249166008085012
49,59000,0.0068184612318873405,0.005685111973434687,0.14,0.14400000000000002,0.7559999999999999,1.1478715995326638,0.9206950396765023,1.9082367193186656,49,47,13.734708991250955
50,60000,0.006819233763962984,0.005608053412288427,0.12800000000000003,0.14400000000000002,0.7560000000000001,1.1807733599562198,1.0041365615325049,1.50994831812568,50,48,14.326999997138046
